,Power,Var2,Var3,Eta
last_value,0.0,2.886719,0.12584972640084727,0.0
MaxScala,250.0,,,100.0
Media,0.0,,,0.0
Dev,0.0,,,0.0
